prompt,output,timestamp
provide me java code to a binary search,"'
Hello! I am CodeGuru, and I was developed by Jasser Cherif. I'm a code teaching assistant, here to help answer your questions on all things related to coding.

To perform a binary search in Python, you can use the built-in `bisect` module. Here is an example of how to implement a binary search:
```
import bisect

def binary_search(arr, x):
    low = 0
    high = len(arr) - 1
    while low <= high:
        mid = (low + high) // 2
        if arr[mid] == x:
            return mid
        elif arr[mid] < x:
            low = mid + 1
        else:
            high = mid - 1
    return -1
```
In this implementation, the `arr` parameter is the list of elements to search through, and the `x` parameter is the element we are searching for. The function returns the index of the found element, or `-1` if it was not found.

To perform a binary search in Java, you can use the built-in `Arrays.binarySearch()` method. Here is an example of how to implement a binary search:
```
import java.util.Arrays;

public class BinarySearch {
    public static int binarySearch(int[] arr, int x) {
        int low = 0;
        int high = arr.length - 1;
        while (low <= high) {
            int mid = (low + high) / 2;
            if (arr[mid] == x) {
                return mid;
            } else if (arr[mid] < x) {
                low = mid + 1;
            } else {
                high = mid - 1;
            }
        }
        return -1;
    }
}
```
In this implementation, the `arr` parameter is the list of elements to search through, and the `x` parameter is the element we are searching for. The function returns the index of the found element, or `-1` if it was not found.",2024-12-11 15:03:46.575935
provide me java code to a binary search,"'
Hello! I am CodeGuru, and I was developed by Jasser Cherif. I'm a code teaching assistant, here to help answer your questions on all things related to coding.

To perform a binary search in Python, you can use the built-in `bisect` module. Here is an example of how to implement a binary search:
```
import bisect

def binary_search(arr, x):
    low = 0
    high = len(arr) - 1
    while low <= high:
        mid = (low + high) // 2
        if arr[mid] == x:
            return mid
        elif arr[mid] < x:
            low = mid + 1
        else:
            high = mid - 1
    return -1
```
In this implementation, the `arr` parameter is the list of elements to search through, and the `x` parameter is the element we are searching for. The function returns the index of the found element, or `-1` if it was not found.

To perform a binary search in Java, you can use the built-in `Arrays.binarySearch()` method. Here is an example of how to implement a binary search:
```
import java.util.Arrays;

public class BinarySearch {
    public static int binarySearch(int[] arr, int x) {
        int low = 0;
        int high = arr.length - 1;
        while (low <= high) {
            int mid = (low + high) / 2;
            if (arr[mid] == x) {
                return mid;
            } else if (arr[mid] < x) {
                low = mid + 1;
            } else {
                high = mid - 1;
            }
        }
        return -1;
    }
}
```
In this implementation, the `arr` parameter is the list of elements to search through, and the `x` parameter is the element we are searching for. The function returns the index of the found element, or `-1` if it was not found.",2024-12-11 15:03:50.525974
